data_len,constraints,points,genparam,provedata,verifyproof
10,66855,53813,10031.4303,3869.1877000000013,44.82489999999828
20,172325,137543,24777.938699999995,8015.578099999999,42.06339999999642
