data_len,sc
10,276.6849000453949
20,517.7757999897003
30,814.6387000083923
