data_len,constraints,genparam,provedata,verifyproof
50,33314,1495.2947800047696,2024.3028851691633,6.010465091094375
100,35015,1473.551708040759,1393.0625920183957,6.484014913439751
150,36716,1597.8741068392992,1405.691676074639,6.799789844080806
200,38416,1661.7900030687451,1414.9737369734794,7.165383081883192
250,40117,1635.18475019373,1330.5898329708725,7.658195914700627
300,41817,1756.3227189239115,1429.6236149966717,8.154296083375812
350,43517,2327.033990994096,1351.6432009637356,8.607319090515375
