data_len,constraints,genparam,provedata,verifyproof
50,46948,2285.51215515472,1355.0018910318613,5.996530177071691
100,63396,2691.349003929645,1421.285942895338,6.427483167499304
150,80044,3649.4703921489418,2072.9758590459824,6.731575122103095
200,96494,4011.245842091739,2199.2188510484993,7.258211029693484
250,112944,4717.985647032037,2180.0809781998396,7.701250026002526
300,129992,5318.096382077783,2273.1853490695357,8.214048109948635
350,146542,6637.994781136513,3536.6212869994342,8.590630954131484
