data_len,constraints,genparam,provedata,verifyproof
50,448950,18107.910957885906,6925.275210058317,6.156586809083819
100,1758755,68787.92308806442,23810.588913038373,6.507449084892869
150,3958560,153233.66217594594,49337.48385007493,6.945478031411767
200,7048360,275003.5410390701,89593.74380996451,7.474915124475956
250,11028160,443488.31296595745,167796.21235304512,7.848985958844423
300,15897965,601497.9484279174,193257.42590101436,9.362401906400919
350,21657765,882422.9428919498,371277.656334918,10.29027602635324
